fecha_publicacion,operacion,categoria,propiedad,zona,precio_mxn,servicios,mascotas,disponibilidad_o_plazo,url_drive,url_catalogo,fuente,estado_calidad
2026-08-05,Renta,Estudio,Emiliano 42,"Calle 42 entre 5ta y 10a",15500,"Más servicios",Permitidas,"Disponible desde 16 de agosto",https://drive.google.com/drive/folders/1-GbI5Kw4OKmQTjmbDsY74KoVHpZbohSP,https://canva.link/fwa5sx0uxr0gdr2,"Chat líneas 107684-107744","Precio desde; confirmar unidad y vigencia"
2026-08-05,Renta,Estudio,Kumaru Suites,"10a Av. entre CTM y calle 48",17900,"Más servicios","Sujetas a aprobación","No indicada",https://drive.google.com/drive/folders/1-GbI5Kw4OKmQTjmbDsY74KoVHpZbohSP,https://canva.link/fwa5sx0uxr0gdr2,"Chat líneas 107684-107744","Precio desde; confirmar unidad y vigencia"
2026-08-05,Renta,Estudio,Ceren,"CTM entre 5ta y 1a",21000,"Electricidad adicional","Sujetas a aprobación","No indicada",https://drive.google.com/drive/folders/1-GbI5Kw4OKmQTjmbDsY74KoVHpZbohSP,https://canva.link/fwa5sx0uxr0gdr2,"Chat líneas 107684-107744","Confirmar unidad y vigencia"
2026-08-05,Renta,1 recámara,Petit Maguey,"Av. 20 entre calles 34 y 38",13000,"Electricidad adicional",No,"No indicada",https://drive.google.com/drive/folders/1-GbI5Kw4OKmQTjmbDsY74KoVHpZbohSP,https://canva.link/fwa5sx0uxr0gdr2,"Chat líneas 107684-107744","Confirmar disponibilidad y vigencia"
2026-08-05,Renta,1 recámara,Vida Ocean,"Av. 15 entre calles 38 y 40",16500,"Más servicios",No,"Renta por noche o mes",https://drive.google.com/drive/folders/1-GbI5Kw4OKmQTjmbDsY74KoVHpZbohSP,https://canva.link/fwa5sx0uxr0gdr2,"Chat líneas 107684-107744","Precio desde; confirmar unidad y vigencia"
2026-08-05,Renta,1 recámara,Emiliano 42,"Calle 42 entre 5ta y 10a",17500,"Más servicios",Permitidas,"No indicada",https://drive.google.com/drive/folders/1-GbI5Kw4OKmQTjmbDsY74KoVHpZbohSP,https://canva.link/fwa5sx0uxr0gdr2,"Chat líneas 107684-107744","Precio desde; confirmar unidad y vigencia"
2026-08-05,Renta,1 recámara,Mayan Monk,"Ubicación no indicada en esta publicación",16000,"Más servicios",Permitidas,"Tarifa especial julio-agosto",https://drive.google.com/drive/folders/1-GbI5Kw4OKmQTjmbDsY74KoVHpZbohSP,https://canva.link/fwa5sx0uxr0gdr2,"Chat líneas 107684-107744","Promoción temporal; confirmar vigencia"
2026-08-05,Renta,2 recámaras,Menesse On the Beach,"Calle 40 y Av. Cozumel",37000,"Más servicios","Sujetas a aprobación","Por noche o mes; publicada disponible hasta 1 de enero",https://drive.google.com/drive/folders/1-GbI5Kw4OKmQTjmbDsY74KoVHpZbohSP,https://canva.link/fwa5sx0uxr0gdr2,"Chat líneas 107684-107744","Confirmar año de la fecha límite y vigencia"
2026-08-05,Renta,3 recámaras,Bali 2,"No indicada",19500,"Más servicios",No,"Mínimo 6 meses; semiamueblada",https://drive.google.com/drive/folders/1-GbI5Kw4OKmQTjmbDsY74KoVHpZbohSP,https://canva.link/fwa5sx0uxr0gdr2,"Chat líneas 107684-107744","Confirmar disponibilidad y vigencia"
2026-08-05,Renta,3 recámaras,Selvanova Coto 8,"Selvanova",19000,"Más servicios","A considerar","Contrato de 6 meses",https://drive.google.com/drive/folders/1-GbI5Kw4OKmQTjmbDsY74KoVHpZbohSP,https://canva.link/fwa5sx0uxr0gdr2,"Chat líneas 107684-107744","Precio reducido desde 20000; confirmar vigencia"
2026-08-06,Venta,2 recámaras,Monarca 28,"Plaza Las Américas",3900000,"No indicado","No indicado","No indicada",,,"Chat líneas 107809-107840","Confirmar disponibilidad, superficie y condiciones"
2026-08-06,Venta,3 recámaras,Selvanova Coto 8,"Selvanova",3000000,"No indicado","No indicado","No indicada",,,"Chat líneas 107809-107840","Confirmar disponibilidad, superficie y condiciones"
2026-08-06,Venta,Estudio,Xifra,"Colosio",2799000,"No indicado","No indicado","No indicada",,,"Chat líneas 107809-107840","Confirmar disponibilidad, superficie y condiciones"
2026-08-06,Venta,3 recámaras,Eight Condos,"Xcalacoco",5289000,"No indicado","No indicado","No indicada",,,"Chat líneas 107809-107840","Confirmar disponibilidad, superficie y condiciones"
2026-08-06,Venta,1 recámara,Mayan Monk,"Calle 52",3300000,"No indicado","No indicado","No indicada",,,"Chat líneas 107809-107840","Confirmar disponibilidad, superficie y condiciones"
2026-08-06,Venta,3 recámaras,Selvanova Coto 6,"Selvanova",2599000,"No indicado","No indicado","No indicada",,,"Chat líneas 107809-107840","Confirmar disponibilidad, superficie y condiciones"
