source_date,category,property,monthly_price_mxn,utilities,availability,drive_url,data_quality_note
2026-08-05,Estudio,The City 1219,14000,Electricidad adicional,Desde ya,https://drive.google.com/drive/folders/177V9pKcCom75spmSSitKZt5LSEN6jku_?usp=sharing,
2026-08-05,Estudio,Studio Playa 304,14000,Electricidad adicional,Desde ya,https://drive.google.com/drive/folders/15lSEj0xHAL9DpvVAQ41T7osdduGkg2gz?usp=sharing,
2026-08-05,Estudio,Singular Joy 302 + Sofacama,18000,Electricidad adicional,Desde ya,https://drive.google.com/drive/folders/102OIalvvidgtGu4VuO84obt0QzGYC-q1?usp=drive_link,"Misma carpeta que Singular Joy 302 de 1 recámara publicado en $22,000; requiere aclaración"
2026-08-05,1 recámara,DK Exclusive 503,18000,Electricidad adicional,Desde ya,https://drive.google.com/drive/folders/1R8gczMuK4ZLBBuTXjSgDTa1thLiULWmk?usp=drive_link,
2026-08-05,1 recámara,Singular Joy 302,22000,Electricidad adicional,Desde ya,https://drive.google.com/drive/folders/102OIalvvidgtGu4VuO84obt0QzGYC-q1?usp=drive_link,"Misma carpeta que Singular Joy 302 + Sofacama publicado como estudio en $18,000; requiere aclaración"
2026-08-05,1 recámara,Horizonte 104,23000,Electricidad adicional,Desde ya,https://drive.google.com/drive/folders/1w411FxJnbbJh4ZnOh0eml6mC5F3c7_4h?usp=sharing,
2026-08-05,1 recámara,The Gallery 302S,23000,Electricidad adicional,Desde ya,https://drive.google.com/drive/folders/11bEgCDqrDEQCszp62XN3rw4Svhll6YvI?usp=drive_link,
2026-08-05,1 recámara,Solea 302,23000,Electricidad adicional,Desde 13 ago 2026,https://drive.google.com/drive/folders/17iZ2gPaWDWCJlRsC3JeFKa_u2y8YitVz?usp=sharing,"La línea de la propiedad no repite MXN; se interpreta por el encabezado y el resto del inventario"
2026-08-05,2 recámaras,Plaza Paraiso I203 – PH 2 Bdr,25000,Electricidad adicional,Desde ya,https://drive.google.com/drive/folders/1YGQvsfl7HGQrA954f6RybZrABlqdG1SI?usp=drive_link,
2026-08-05,2 recámaras,The Gallery 203N,30000,Electricidad adicional,Desde ya,https://drive.google.com/drive/folders/1DdVNhI48mNc856AMF7uAC86UdufoNKsk?usp=drive_link,
2026-08-05,2 recámaras,Singular Joy 214,35000,Electricidad adicional,Desde ya,https://drive.google.com/drive/folders/1vT-EytBm6Bt9s0tjfcUJGW7LM2PRetjF?usp=drive_link,
2026-08-05,2 recámaras,Lunada 113,35000,Electricidad adicional,Desde ya,https://drive.google.com/drive/folders/1PUU4GGIMDFo6988gL7kpM9dRUYJUcSmw?usp=drive_link,
2026-08-05,2 recámaras,Lunada 210,35000,Electricidad adicional,Desde ya,https://drive.google.com/drive/folders/1cTpJOa9tlUcp5MHUusHI1CNNi8m7nsuJ?usp=drive_link,
2026-08-05,2 recámaras,Lunada 218,35000,Electricidad adicional,Desde ya,https://drive.google.com/drive/folders/18JpmNwoXYqYGkfMaOtpdu4fNq5YWQw5z?usp=sharing,
2026-08-05,2 recámaras,The City 1411 – PH con piscina privada,35000,Electricidad adicional,Desde ya,https://drive.google.com/drive/folders/1JDcz4NZ6Kg_y_Pyuq-BJlf0weE1lzO0_?usp=drive_link,
