username,followers,biografia_presente,categoria_declarada,ubicacion_declarada,uso_seguro
1165.kamila,7,no,sin_contexto_declarado,no_declarada,AUDIENCIA_AGREGADA_NO_CONTACTAR
13.4957904,3,no,sin_contexto_declarado,no_declarada,AUDIENCIA_AGREGADA_NO_CONTACTAR
2a.vuelta,77,sí,sin_contexto_declarado,no_declarada,AUDIENCIA_AGREGADA_NO_CONTACTAR
4mk16,8,no,sin_contexto_declarado,no_declarada,AUDIENCIA_AGREGADA_NO_CONTACTAR
6616mcs,14,no,sin_contexto_declarado,no_declarada,AUDIENCIA_AGREGADA_NO_CONTACTAR
_elish_studio,146,sí,sin_contexto_declarado,no_declarada,AUDIENCIA_AGREGADA_NO_CONTACTAR
_la_justicia__espara_todos_,219,no,sin_contexto_declarado,no_declarada,AUDIENCIA_AGREGADA_NO_CONTACTAR
_labebeleche,18,no,sin_contexto_declarado,no_declarada,AUDIENCIA_AGREGADA_NO_CONTACTAR
coachcristymorett,970,sí,coaching_bienestar,no_declarada,REVISAR_COLABORACION_PUBLICA
coleccionesmeralda_gdl2012,252,sí,emprendimiento_negocio,México,AUDIENCIA_AGREGADA_NO_CONTACTAR
consueloflores76,65,no,sin_contexto_declarado,no_declarada,AUDIENCIA_AGREGADA_NO_CONTACTAR
catherine239104,256,sí,sin_contexto_declarado,no_declarada,AUDIENCIA_AGREGADA_NO_CONTACTAR
canelitalian,25,no,sin_contexto_declarado,no_declarada,AUDIENCIA_AGREGADA_NO_CONTACTAR
capilar.facial,76,sí,emprendimiento_negocio,no_declarada,AUDIENCIA_AGREGADA_NO_CONTACTAR
car.parts.10236,54,no,sin_contexto_declarado,no_declarada,AUDIENCIA_AGREGADA_NO_CONTACTAR
caritotbernal,2749,sí,belleza_estetica,Colombia,AUDIENCIA_AGREGADA_NO_CONTACTAR
carolucy14,29,no,sin_contexto_declarado,no_declarada,AUDIENCIA_AGREGADA_NO_CONTACTAR
carola_0287,1550,no,sin_contexto_declarado,no_declarada,AUDIENCIA_AGREGADA_NO_CONTACTAR
carotapia._,1132,sí,arte_creatividad,México,AUDIENCIA_AGREGADA_NO_CONTACTAR
carmenleticiacarriera,59,no,sin_contexto_declarado,no_declarada,AUDIENCIA_AGREGADA_NO_CONTACTAR
casa_owner,289,no,sin_contexto_declarado,no_declarada,AUDIENCIA_AGREGADA_NO_CONTACTAR
ceci.zam.1,37,no,sin_contexto_declarado,no_declarada,AUDIENCIA_AGREGADA_NO_CONTACTAR
cecitx13,63,no,sin_contexto_declarado,no_declarada,AUDIENCIA_AGREGADA_NO_CONTACTAR
cecy_ang,301,no,sin_contexto_declarado,no_declarada,AUDIENCIA_AGREGADA_NO_CONTACTAR
cesiiiii_rm,10,sí,sin_contexto_declarado,no_declarada,AUDIENCIA_AGREGADA_NO_CONTACTAR
chopinmariah,21,no,sin_contexto_declarado,no_declarada,AUDIENCIA_AGREGADA_NO_CONTACTAR
chourioosmaira,36,no,sin_contexto_declarado,no_declarada,AUDIENCIA_AGREGADA_NO_CONTACTAR
ciprianopueblaalbiter,16,no,sin_contexto_declarado,no_declarada,AUDIENCIA_AGREGADA_NO_CONTACTAR
clau.d4025,69,no,sin_contexto_declarado,no_declarada,AUDIENCIA_AGREGADA_NO_CONTACTAR
claudia.cespedes.7399,70,no,sin_contexto_declarado,no_declarada,AUDIENCIA_AGREGADA_NO_CONTACTAR
claudia_fabianacaseres,374,no,sin_contexto_declarado,no_declarada,AUDIENCIA_AGREGADA_NO_CONTACTAR
claudiafernandezr194,9,no,sin_contexto_declarado,no_declarada,AUDIENCIA_AGREGADA_NO_CONTACTAR
claudialuna6904,27,no,sin_contexto_declarado,no_declarada,AUDIENCIA_AGREGADA_NO_CONTACTAR
claudiapatriciaalmaguer,67,no,sin_contexto_declarado,no_declarada,AUDIENCIA_AGREGADA_NO_CONTACTAR
claudiaramirez2203,79,sí,sin_contexto_declarado,no_declarada,AUDIENCIA_AGREGADA_NO_CONTACTAR
claus.7021,18,no,sin_contexto_declarado,no_declarada,AUDIENCIA_AGREGADA_NO_CONTACTAR
cleir_soff,141,no,sin_contexto_declarado,no_declarada,AUDIENCIA_AGREGADA_NO_CONTACTAR
crisgom25,6,no,sin_contexto_declarado,no_declarada,AUDIENCIA_AGREGADA_NO_CONTACTAR
cristina.contreras.52831,6,no,sin_contexto_declarado,no_declarada,AUDIENCIA_AGREGADA_NO_CONTACTAR
cristinabolivar46,25,no,sin_contexto_declarado,no_declarada,AUDIENCIA_AGREGADA_NO_CONTACTAR
cvos19752023,37,no,sin_contexto_declarado,no_declarada,AUDIENCIA_AGREGADA_NO_CONTACTAR
ambar_ariannysantiago101014,38,no,sin_contexto_declarado,no_declarada,AUDIENCIA_AGREGADA_NO_CONTACTAR
amor.de.petalos.spa,18,no,sin_contexto_declarado,no_declarada,AUDIENCIA_AGREGADA_NO_CONTACTAR
amparo.chaux,21,no,sin_contexto_declarado,no_declarada,AUDIENCIA_AGREGADA_NO_CONTACTAR
any_munoz_montoya,14,no,sin_contexto_declarado,no_declarada,AUDIENCIA_AGREGADA_NO_CONTACTAR
ana.jordan.1029,171,no,sin_contexto_declarado,no_declarada,AUDIENCIA_AGREGADA_NO_CONTACTAR
ana.sc11,3,no,sin_contexto_declarado,no_declarada,AUDIENCIA_AGREGADA_NO_CONTACTAR
ana_rilla,368,no,sin_contexto_declarado,no_declarada,AUDIENCIA_AGREGADA_NO_CONTACTAR
anagutierrezos,11,no,sin_contexto_declarado,no_declarada,AUDIENCIA_AGREGADA_NO_CONTACTAR
analuisanevarezleyva,110,sí,sin_contexto_declarado,no_declarada,AUDIENCIA_AGREGADA_NO_CONTACTAR
anarosaochoa918,88,no,sin_contexto_declarado,no_declarada,AUDIENCIA_AGREGADA_NO_CONTACTAR
anavictoriareyesb,125,no,sin_contexto_declarado,no_declarada,AUDIENCIA_AGREGADA_NO_CONTACTAR
anayensiro,128,no,sin_contexto_declarado,no_declarada,AUDIENCIA_AGREGADA_NO_CONTACTAR
andreasilviagutierrez,27,no,sin_contexto_declarado,no_declarada,AUDIENCIA_AGREGADA_NO_CONTACTAR
ang_eladeharo,7,no,sin_contexto_declarado,no_declarada,AUDIENCIA_AGREGADA_NO_CONTACTAR
angelus_silva,951,sí,sin_contexto_declarado,no_declarada,AUDIENCIA_AGREGADA_NO_CONTACTAR
angela692495,15,no,sin_contexto_declarado,no_declarada,AUDIENCIA_AGREGADA_NO_CONTACTAR
angelesmarisol5562024,43,no,sin_contexto_declarado,no_declarada,AUDIENCIA_AGREGADA_NO_CONTACTAR
angelesnava9871,98,no,sin_contexto_declarado,no_declarada,AUDIENCIA_AGREGADA_NO_CONTACTAR
angelica_sarinana,77,sí,sin_contexto_declarado,no_declarada,AUDIENCIA_AGREGADA_NO_CONTACTAR
angelicabrr20,313,no,sin_contexto_declarado,no_declarada,AUDIENCIA_AGREGADA_NO_CONTACTAR
angelicasalas130,11,no,sin_contexto_declarado,no_declarada,AUDIENCIA_AGREGADA_NO_CONTACTAR
annb_glrz,346,sí,sin_contexto_declarado,no_declarada,AUDIENCIA_AGREGADA_NO_CONTACTAR
annyfernandez7714,100,no,sin_contexto_declarado,no_declarada,AUDIENCIA_AGREGADA_NO_CONTACTAR
adeladuarte77,70,sí,sin_contexto_declarado,no_declarada,AUDIENCIA_AGREGADA_NO_CONTACTAR
adrialopezactriz,51767,sí,coaching_bienestar,no_declarada,REVISAR_COLABORACION_PUBLICA
adriana_del_.angel,61,no,sin_contexto_declarado,no_declarada,AUDIENCIA_AGREGADA_NO_CONTACTAR
adrianabypaparazzi19,15,no,sin_contexto_declarado,no_declarada,AUDIENCIA_AGREGADA_NO_CONTACTAR
adrianaflacacorona,49,no,sin_contexto_declarado,no_declarada,AUDIENCIA_AGREGADA_NO_CONTACTAR
adriflores51,83,sí,sin_contexto_declarado,no_declarada,AUDIENCIA_AGREGADA_NO_CONTACTAR
aguerra0222,3,no,sin_contexto_declarado,no_declarada,AUDIENCIA_AGREGADA_NO_CONTACTAR
aglara12,100,no,sin_contexto_declarado,no_declarada,AUDIENCIA_AGREGADA_NO_CONTACTAR
aida_luz1718,108,sí,sin_contexto_declarado,no_declarada,AUDIENCIA_AGREGADA_NO_CONTACTAR
aldana.sg79,495,no,sin_contexto_declarado,no_declarada,AUDIENCIA_AGREGADA_NO_CONTACTAR
aleidamcano,100,no,sin_contexto_declarado,no_declarada,AUDIENCIA_AGREGADA_NO_CONTACTAR
alejandratoledo2462,3,no,sin_contexto_declarado,no_declarada,AUDIENCIA_AGREGADA_NO_CONTACTAR
alexa_6766,6654,sí,sin_contexto_declarado,USA,AUDIENCIA_AGREGADA_NO_CONTACTAR
alexander1859060,2,no,sin_contexto_declarado,no_declarada,AUDIENCIA_AGREGADA_NO_CONTACTAR
alicia.edm,226,no,sin_contexto_declarado,no_declarada,AUDIENCIA_AGREGADA_NO_CONTACTAR
alicia_fombona_realtor,293,sí,sin_contexto_declarado,no_declarada,AUDIENCIA_AGREGADA_NO_CONTACTAR
all.starz.barbershop.lb,44,sí,sin_contexto_declarado,no_declarada,AUDIENCIA_AGREGADA_NO_CONTACTAR
alma_casrod,106,no,sin_contexto_declarado,no_declarada,AUDIENCIA_AGREGADA_NO_CONTACTAR
almarazolgagabriela,67,no,sin_contexto_declarado,no_declarada,AUDIENCIA_AGREGADA_NO_CONTACTAR
aracelimartinezmua,763,sí,belleza_estetica,no_declarada,AUDIENCIA_AGREGADA_NO_CONTACTAR
aranavolinista,11,no,sin_contexto_declarado,no_declarada,AUDIENCIA_AGREGADA_NO_CONTACTAR
arce.anaya.1,26,no,sin_contexto_declarado,no_declarada,AUDIENCIA_AGREGADA_NO_CONTACTAR
aristta_santillan,252,sí,sin_contexto_declarado,no_declarada,AUDIENCIA_AGREGADA_NO_CONTACTAR
arizaraiza,292,no,sin_contexto_declarado,no_declarada,AUDIENCIA_AGREGADA_NO_CONTACTAR
armida.munoz.980,61,no,sin_contexto_declarado,no_declarada,AUDIENCIA_AGREGADA_NO_CONTACTAR
army161099,43,no,sin_contexto_declarado,no_declarada,AUDIENCIA_AGREGADA_NO_CONTACTAR
asesor_laura,13,no,sin_contexto_declarado,no_declarada,AUDIENCIA_AGREGADA_NO_CONTACTAR
audiologasandrabonolis,40,sí,sin_contexto_declarado,no_declarada,AUDIENCIA_AGREGADA_NO_CONTACTAR
auje1984,72,no,sin_contexto_declarado,no_declarada,AUDIENCIA_AGREGADA_NO_CONTACTAR
aurora.reyes.988,40,no,sin_contexto_declarado,no_declarada,AUDIENCIA_AGREGADA_NO_CONTACTAR
aurorachavez506,16,no,sin_contexto_declarado,no_declarada,AUDIENCIA_AGREGADA_NO_CONTACTAR
aurorarosalindagaribay,91,no,sin_contexto_declarado,no_declarada,AUDIENCIA_AGREGADA_NO_CONTACTAR
ayd_cake,70,no,sin_contexto_declarado,no_declarada,AUDIENCIA_AGREGADA_NO_CONTACTAR
ayrmarparra,1308,sí,coaching_bienestar,no_declarada,REVISAR_COLABORACION_PUBLICA
barralesnoemi,64,no,sin_contexto_declarado,no_declarada,AUDIENCIA_AGREGADA_NO_CONTACTAR
barriosmargely,239,no,sin_contexto_declarado,no_declarada,AUDIENCIA_AGREGADA_NO_CONTACTAR
bbhuevo1951,76,no,sin_contexto_declarado,no_declarada,AUDIENCIA_AGREGADA_NO_CONTACTAR
betel_garcia2020,44,no,sin_contexto_declarado,no_declarada,AUDIENCIA_AGREGADA_NO_CONTACTAR
betper45,10,no,sin_contexto_declarado,no_declarada,AUDIENCIA_AGREGADA_NO_CONTACTAR
bettyayala122,98,no,sin_contexto_declarado,no_declarada,AUDIENCIA_AGREGADA_NO_CONTACTAR
bettyfloresboop,0,no,sin_contexto_declarado,no_declarada,AUDIENCIA_AGREGADA_NO_CONTACTAR
beatriz.guitron,221,no,sin_contexto_declarado,no_declarada,AUDIENCIA_AGREGADA_NO_CONTACTAR
beatrizarreolalugo,16,no,sin_contexto_declarado,no_declarada,AUDIENCIA_AGREGADA_NO_CONTACTAR
benigna.nunez.25_,54,no,sin_contexto_declarado,no_declarada,AUDIENCIA_AGREGADA_NO_CONTACTAR
bits_of.love18,48,sí,sin_contexto_declarado,no_declarada,AUDIENCIA_AGREGADA_NO_CONTACTAR
blue.moon.cancun,144,sí,sin_contexto_declarado,no_declarada,AUDIENCIA_AGREGADA_NO_CONTACTAR
blanca.bonillam,101,no,sin_contexto_declarado,no_declarada,AUDIENCIA_AGREGADA_NO_CONTACTAR
blanka_cetzxilia,1,no,sin_contexto_declarado,no_declarada,AUDIENCIA_AGREGADA_NO_CONTACTAR
blankiss448,1,no,sin_contexto_declarado,no_declarada,AUDIENCIA_AGREGADA_NO_CONTACTAR
blondlilly,122,no,sin_contexto_declarado,no_declarada,AUDIENCIA_AGREGADA_NO_CONTACTAR
brenda_dlr,175,no,sin_contexto_declarado,no_declarada,AUDIENCIA_AGREGADA_NO_CONTACTAR
brendapatriciaescobar,12,no,sin_contexto_declarado,no_declarada,AUDIENCIA_AGREGADA_NO_CONTACTAR
bubblemimi_7,11,no,sin_contexto_declarado,no_declarada,AUDIENCIA_AGREGADA_NO_CONTACTAR
bz.taco,1140,sí,sin_contexto_declarado,no_declarada,AUDIENCIA_AGREGADA_NO_CONTACTAR
c0offy,233,sí,sin_contexto_declarado,México,AUDIENCIA_AGREGADA_NO_CONTACTAR
gotitadelmar.as,76,sí,arte_creatividad,no_declarada,AUDIENCIA_AGREGADA_NO_CONTACTAR
gabrielaalvarez4415,80,no,sin_contexto_declarado,no_declarada,AUDIENCIA_AGREGADA_NO_CONTACTAR
gaby.ortega.98892,116,sí,sin_contexto_declarado,no_declarada,AUDIENCIA_AGREGADA_NO_CONTACTAR
gaby_delangel6,30,no,sin_contexto_declarado,no_declarada,AUDIENCIA_AGREGADA_NO_CONTACTAR
gabyvizzi,171,no,sin_contexto_declarado,no_declarada,AUDIENCIA_AGREGADA_NO_CONTACTAR
galdy_05,940,no,sin_contexto_declarado,no_declarada,AUDIENCIA_AGREGADA_NO_CONTACTAR
gamboaguadalupe,150,sí,arte_creatividad,no_declarada,AUDIENCIA_AGREGADA_NO_CONTACTAR
garve_urbex,144,sí,sin_contexto_declarado,no_declarada,AUDIENCIA_AGREGADA_NO_CONTACTAR
georginahernandez2015.jorgita,337,no,sin_contexto_declarado,no_declarada,AUDIENCIA_AGREGADA_NO_CONTACTAR
ghsaharay,99,sí,sin_contexto_declarado,no_declarada,AUDIENCIA_AGREGADA_NO_CONTACTAR
giancarlalazo,81,no,sin_contexto_declarado,no_declarada,AUDIENCIA_AGREGADA_NO_CONTACTAR
gloria.gam.75,69,no,sin_contexto_declarado,no_declarada,AUDIENCIA_AGREGADA_NO_CONTACTAR
gpeaidegurrola,116,no,sin_contexto_declarado,no_declarada,AUDIENCIA_AGREGADA_NO_CONTACTAR
grace.beautysalon,107,no,sin_contexto_declarado,no_declarada,AUDIENCIA_AGREGADA_NO_CONTACTAR
graciela.dominguez.21,69,no,sin_contexto_declarado,no_declarada,AUDIENCIA_AGREGADA_NO_CONTACTAR
grenaldana,76,sí,sin_contexto_declarado,no_declarada,AUDIENCIA_AGREGADA_NO_CONTACTAR
gris_fany,87,no,sin_contexto_declarado,no_declarada,AUDIENCIA_AGREGADA_NO_CONTACTAR
griseldaciccozzi,181,no,sin_contexto_declarado,no_declarada,AUDIENCIA_AGREGADA_NO_CONTACTAR
growinginwisdom,66,no,sin_contexto_declarado,no_declarada,AUDIENCIA_AGREGADA_NO_CONTACTAR
guzman.beronica,160,no,sin_contexto_declarado,no_declarada,AUDIENCIA_AGREGADA_NO_CONTACTAR
guadalupe.ovando.545,32,no,sin_contexto_declarado,no_declarada,AUDIENCIA_AGREGADA_NO_CONTACTAR
guadalupe.carranza.96,12,no,sin_contexto_declarado,no_declarada,AUDIENCIA_AGREGADA_NO_CONTACTAR
guadalupe_gutierrez_gomez,60,no,sin_contexto_declarado,no_declarada,AUDIENCIA_AGREGADA_NO_CONTACTAR
guadalupesanchez_casarrubias,363,no,sin_contexto_declarado,no_declarada,AUDIENCIA_AGREGADA_NO_CONTACTAR
dominguezn326,162,sí,sin_contexto_declarado,no_declarada,AUDIENCIA_AGREGADA_NO_CONTACTAR
doris.marquez87,259,sí,belleza_estetica,no_declarada,AUDIENCIA_AGREGADA_NO_CONTACTAR
doris050378,17,no,sin_contexto_declarado,no_declarada,AUDIENCIA_AGREGADA_NO_CONTACTAR
doshitaibarra,98,no,sin_contexto_declarado,no_declarada,AUDIENCIA_AGREGADA_NO_CONTACTAR
dani_yan88,729,no,sin_contexto_declarado,no_declarada,AUDIENCIA_AGREGADA_NO_CONTACTAR
danielladominguezrangel,26,no,sin_contexto_declarado,no_declarada,AUDIENCIA_AGREGADA_NO_CONTACTAR
danielly2199,60,no,sin_contexto_declarado,no_declarada,AUDIENCIA_AGREGADA_NO_CONTACTAR
devora099,305,no,sin_contexto_declarado,no_declarada,AUDIENCIA_AGREGADA_NO_CONTACTAR
decoracionesbithiah,163,sí,sin_contexto_declarado,no_declarada,AUDIENCIA_AGREGADA_NO_CONTACTAR
delbamartinezmartinez,75,no,sin_contexto_declarado,no_declarada,AUDIENCIA_AGREGADA_NO_CONTACTAR
divinelooks_irvingtx,639,sí,belleza_estetica,no_declarada,AUDIENCIA_AGREGADA_NO_CONTACTAR
dianaestradatorres,64,no,sin_contexto_declarado,no_declarada,AUDIENCIA_AGREGADA_NO_CONTACTAR
dilvarubalcavaolmos,728,sí,emprendimiento_negocio,no_declarada,AUDIENCIA_AGREGADA_NO_CONTACTAR
dra.delabelleza,337,sí,belleza_estetica,Colombia,AUDIENCIA_AGREGADA_NO_CONTACTAR
dra_gracia_de_dios,62,sí,sin_contexto_declarado,no_declarada,AUDIENCIA_AGREGADA_NO_CONTACTAR
draaledita,210,no,sin_contexto_declarado,no_declarada,AUDIENCIA_AGREGADA_NO_CONTACTAR
emdomoca,231,sí,sin_contexto_declarado,no_declarada,AUDIENCIA_AGREGADA_NO_CONTACTAR
emilsecr,413,no,sin_contexto_declarado,no_declarada,AUDIENCIA_AGREGADA_NO_CONTACTAR
emmadelrincon,978,sí,coaching_bienestar,no_declarada,REVISAR_COLABORACION_PUBLICA
emmita1959,107,no,sin_contexto_declarado,no_declarada,AUDIENCIA_AGREGADA_NO_CONTACTAR
eneidatrespalacios,134,no,sin_contexto_declarado,no_declarada,AUDIENCIA_AGREGADA_NO_CONTACTAR
edithgutierrez2468,6,no,sin_contexto_declarado,no_declarada,AUDIENCIA_AGREGADA_NO_CONTACTAR
elen.afranco19,455,no,sin_contexto_declarado,no_declarada,AUDIENCIA_AGREGADA_NO_CONTACTAR
elizabethhernandezlongoria,12,no,sin_contexto_declarado,no_declarada,AUDIENCIA_AGREGADA_NO_CONTACTAR
elizabethsc_58,39,no,sin_contexto_declarado,no_declarada,AUDIENCIA_AGREGADA_NO_CONTACTAR
elsamartinez6,191,no,sin_contexto_declarado,no_declarada,AUDIENCIA_AGREGADA_NO_CONTACTAR
erikaalejandragalindo,4,no,sin_contexto_declarado,no_declarada,AUDIENCIA_AGREGADA_NO_CONTACTAR
erikacasfer,87,no,sin_contexto_declarado,no_declarada,AUDIENCIA_AGREGADA_NO_CONTACTAR
esthercaballero4,24,no,sin_contexto_declarado,no_declarada,AUDIENCIA_AGREGADA_NO_CONTACTAR
esgo1971,197,no,sin_contexto_declarado,no_declarada,AUDIENCIA_AGREGADA_NO_CONTACTAR
esme.castro.568,11,no,sin_contexto_declarado,no_declarada,AUDIENCIA_AGREGADA_NO_CONTACTAR
esperanza.juarez.73,81,no,sin_contexto_declarado,no_declarada,AUDIENCIA_AGREGADA_NO_CONTACTAR
evangelinecarrillo87,6,no,sin_contexto_declarado,no_declarada,AUDIENCIA_AGREGADA_NO_CONTACTAR
evaroseld,165,no,sin_contexto_declarado,no_declarada,AUDIENCIA_AGREGADA_NO_CONTACTAR
faty2sm,11414,sí,familia_maternidad,no_declarada,AUDIENCIA_AGREGADA_NO_CONTACTAR
fabiolaconsentido,19,sí,sin_contexto_declarado,no_declarada,AUDIENCIA_AGREGADA_NO_CONTACTAR
fabyquirozdeamaro,6,no,sin_contexto_declarado,no_declarada,AUDIENCIA_AGREGADA_NO_CONTACTAR
fabysucculents,334,sí,sin_contexto_declarado,no_declarada,AUDIENCIA_AGREGADA_NO_CONTACTAR
fabys_hdez,356,sí,sin_contexto_declarado,no_declarada,AUDIENCIA_AGREGADA_NO_CONTACTAR
fercorro9,1260,no,sin_contexto_declarado,no_declarada,AUDIENCIA_AGREGADA_NO_CONTACTAR
fernandezangelinacru,0,no,sin_contexto_declarado,no_declarada,AUDIENCIA_AGREGADA_NO_CONTACTAR
fidelina7474,7,no,sin_contexto_declarado,no_declarada,AUDIENCIA_AGREGADA_NO_CONTACTAR
figueroa3074,121,no,sin_contexto_declarado,no_declarada,AUDIENCIA_AGREGADA_NO_CONTACTAR
flor_es1971,164,sí,emprendimiento_negocio,no_declarada,AUDIENCIA_AGREGADA_NO_CONTACTAR
flores_yatzil,62,sí,belleza_estetica,no_declarada,AUDIENCIA_AGREGADA_NO_CONTACTAR
franrobar70,162,no,sin_contexto_declarado,no_declarada,AUDIENCIA_AGREGADA_NO_CONTACTAR
frases_off0,35,no,sin_contexto_declarado,no_declarada,AUDIENCIA_AGREGADA_NO_CONTACTAR
katerinurbaezlopez,105,no,sin_contexto_declarado,no_declarada,AUDIENCIA_AGREGADA_NO_CONTACTAR
kathyperez7708,60,no,sin_contexto_declarado,no_declarada,AUDIENCIA_AGREGADA_NO_CONTACTAR
kare_saymorales_,97,no,sin_contexto_declarado,no_declarada,AUDIENCIA_AGREGADA_NO_CONTACTAR
karina.21.crespo,239,sí,sin_contexto_declarado,no_declarada,AUDIENCIA_AGREGADA_NO_CONTACTAR
karina_velazmarty,236,no,sin_contexto_declarado,no_declarada,AUDIENCIA_AGREGADA_NO_CONTACTAR
karla_villa,713,sí,belleza_estetica,México,AUDIENCIA_AGREGADA_NO_CONTACTAR
kirsyspichardomalone,33,no,sin_contexto_declarado,no_declarada,AUDIENCIA_AGREGADA_NO_CONTACTAR
kla_uss82,8,no,sin_contexto_declarado,no_declarada,AUDIENCIA_AGREGADA_NO_CONTACTAR
hayderaquel,69,sí,sin_contexto_declarado,no_declarada,AUDIENCIA_AGREGADA_NO_CONTACTAR
heiselltorres,1169,sí,belleza_estetica,no_declarada,AUDIENCIA_AGREGADA_NO_CONTACTAR
henriquezyanet,184,no,sin_contexto_declarado,no_declarada,AUDIENCIA_AGREGADA_NO_CONTACTAR
huizarbertha,126,no,sin_contexto_declarado,no_declarada,AUDIENCIA_AGREGADA_NO_CONTACTAR
hyggehotel,3955,sí,sin_contexto_declarado,no_declarada,AUDIENCIA_AGREGADA_NO_CONTACTAR
imelda_diaztovar,55,no,sin_contexto_declarado,no_declarada,AUDIENCIA_AGREGADA_NO_CONTACTAR
intensa_creaciones,262,no,sin_contexto_declarado,no_declarada,AUDIENCIA_AGREGADA_NO_CONTACTAR
ines_corella,628,sí,sin_contexto_declarado,México,AUDIENCIA_AGREGADA_NO_CONTACTAR
inesmezao,75,no,sin_contexto_declarado,no_declarada,AUDIENCIA_AGREGADA_NO_CONTACTAR
ingridmurrieta,170,no,sin_contexto_declarado,no_declarada,AUDIENCIA_AGREGADA_NO_CONTACTAR
iam_yaras1,9,no,sin_contexto_declarado,no_declarada,AUDIENCIA_AGREGADA_NO_CONTACTAR
ibaneznalvis,155,no,sin_contexto_declarado,no_declarada,AUDIENCIA_AGREGADA_NO_CONTACTAR
ibarraanalopez,1,no,sin_contexto_declarado,no_declarada,AUDIENCIA_AGREGADA_NO_CONTACTAR
ira_nicejoyeria,40,sí,arte_creatividad,no_declarada,AUDIENCIA_AGREGADA_NO_CONTACTAR
irene.raya89,80,no,sin_contexto_declarado,no_declarada,AUDIENCIA_AGREGADA_NO_CONTACTAR
irerirojas2012,6,no,sin_contexto_declarado,no_declarada,AUDIENCIA_AGREGADA_NO_CONTACTAR
iriveramx,282,no,sin_contexto_declarado,no_declarada,AUDIENCIA_AGREGADA_NO_CONTACTAR
isabelromco,7,no,sin_contexto_declarado,no_declarada,AUDIENCIA_AGREGADA_NO_CONTACTAR
isaromo03,107,no,sin_contexto_declarado,no_declarada,AUDIENCIA_AGREGADA_NO_CONTACTAR
ithse_villarreal,274,no,sin_contexto_declarado,no_declarada,AUDIENCIA_AGREGADA_NO_CONTACTAR
its.cuquita,1637,sí,sin_contexto_declarado,no_declarada,AUDIENCIA_AGREGADA_NO_CONTACTAR
ivetteipr,406,no,sin_contexto_declarado,no_declarada,AUDIENCIA_AGREGADA_NO_CONTACTAR
ivonemeneses30,41,no,sin_contexto_declarado,no_declarada,AUDIENCIA_AGREGADA_NO_CONTACTAR
joanny_rs,250,no,sin_contexto_declarado,no_declarada,AUDIENCIA_AGREGADA_NO_CONTACTAR
josefinaochoa137,4,no,sin_contexto_declarado,no_declarada,AUDIENCIA_AGREGADA_NO_CONTACTAR
jaz_ferrer_,888,sí,sin_contexto_declarado,no_declarada,AUDIENCIA_AGREGADA_NO_CONTACTAR
jacquelinebrachoa,644,no,sin_contexto_declarado,no_declarada,AUDIENCIA_AGREGADA_NO_CONTACTAR
jaimesilviadelcarmen,122,no,sin_contexto_declarado,no_declarada,AUDIENCIA_AGREGADA_NO_CONTACTAR
janinaangelica,209,sí,sin_contexto_declarado,no_declarada,AUDIENCIA_AGREGADA_NO_CONTACTAR
jaquelinasias,178,no,sin_contexto_declarado,no_declarada,AUDIENCIA_AGREGADA_NO_CONTACTAR
jeannettenoemit,59,no,sin_contexto_declarado,no_declarada,AUDIENCIA_AGREGADA_NO_CONTACTAR
jedalid,254,no,sin_contexto_declarado,no_declarada,AUDIENCIA_AGREGADA_NO_CONTACTAR
jengry0911,26,no,sin_contexto_declarado,no_declarada,AUDIENCIA_AGREGADA_NO_CONTACTAR
jennyazucenamartinezrios,875,no,sin_contexto_declarado,no_declarada,AUDIENCIA_AGREGADA_NO_CONTACTAR
jennybrayneryasociados,58,no,sin_contexto_declarado,no_declarada,AUDIENCIA_AGREGADA_NO_CONTACTAR
jesale794,34,no,sin_contexto_declarado,no_declarada,AUDIENCIA_AGREGADA_NO_CONTACTAR
jimeneztuesta,172,sí,sin_contexto_declarado,no_declarada,AUDIENCIA_AGREGADA_NO_CONTACTAR
jsm3cleaning,32,sí,sin_contexto_declarado,no_declarada,AUDIENCIA_AGREGADA_NO_CONTACTAR
juancarlosvelasquezarciniegas,287,no,sin_contexto_declarado,no_declarada,AUDIENCIA_AGREGADA_NO_CONTACTAR
juany_ramirez_costarica,215,sí,sin_contexto_declarado,no_declarada,AUDIENCIA_AGREGADA_NO_CONTACTAR
julimodel2025,1097,sí,sin_contexto_declarado,no_declarada,AUDIENCIA_AGREGADA_NO_CONTACTAR
julianaanayag,840,sí,belleza_estetica,no_declarada,AUDIENCIA_AGREGADA_NO_CONTACTAR
julyjohanagarcia,261,no,sin_contexto_declarado,no_declarada,AUDIENCIA_AGREGADA_NO_CONTACTAR
omaira_gar_ia,111,no,sin_contexto_declarado,no_declarada,AUDIENCIA_AGREGADA_NO_CONTACTAR
olga.pachon.775,47,no,sin_contexto_declarado,no_declarada,AUDIENCIA_AGREGADA_NO_CONTACTAR
olga.quintero.313924,93,no,sin_contexto_declarado,no_declarada,AUDIENCIA_AGREGADA_NO_CONTACTAR
olgapino23,306,no,sin_contexto_declarado,no_declarada,AUDIENCIA_AGREGADA_NO_CONTACTAR
ortizhernandezaracely,141,no,sin_contexto_declarado,no_declarada,AUDIENCIA_AGREGADA_NO_CONTACTAR
ordonezastudillo,104,no,sin_contexto_declarado,no_declarada,AUDIENCIA_AGREGADA_NO_CONTACTAR
lourdespenan,384,no,sin_contexto_declarado,no_declarada,AUDIENCIA_AGREGADA_NO_CONTACTAR
lovefrv777,1004,sí,sin_contexto_declarado,no_declarada,AUDIENCIA_AGREGADA_NO_CONTACTAR
lobitaa_74,344,no,sin_contexto_declarado,no_declarada,AUDIENCIA_AGREGADA_NO_CONTACTAR
lolobe1932,5,no,sin_contexto_declarado,no_declarada,AUDIENCIA_AGREGADA_NO_CONTACTAR
la.casita.de.la.abeja,380,sí,sin_contexto_declarado,no_declarada,AUDIENCIA_AGREGADA_NO_CONTACTAR
laurateresasolano,18,no,sin_contexto_declarado,no_declarada,AUDIENCIA_AGREGADA_NO_CONTACTAR
laura_vipa,198,no,sin_contexto_declarado,no_declarada,AUDIENCIA_AGREGADA_NO_CONTACTAR
lauramont2408,11,no,sin_contexto_declarado,no_declarada,AUDIENCIA_AGREGADA_NO_CONTACTAR
lauramore0373,39,sí,sin_contexto_declarado,no_declarada,AUDIENCIA_AGREGADA_NO_CONTACTAR
lagostopedroza,27,no,sin_contexto_declarado,no_declarada,AUDIENCIA_AGREGADA_NO_CONTACTAR
lappublicidad_,152,sí,sin_contexto_declarado,no_declarada,AUDIENCIA_AGREGADA_NO_CONTACTAR
leticiavaldivia3,15,no,sin_contexto_declarado,no_declarada,AUDIENCIA_AGREGADA_NO_CONTACTAR
letiprofesora03,101,no,sin_contexto_declarado,no_declarada,AUDIENCIA_AGREGADA_NO_CONTACTAR
leydyyady,312,no,sin_contexto_declarado,no_declarada,AUDIENCIA_AGREGADA_NO_CONTACTAR
lesly0007,92,no,sin_contexto_declarado,no_declarada,AUDIENCIA_AGREGADA_NO_CONTACTAR
lidecoconstruccion,169,sí,sin_contexto_declarado,no_declarada,AUDIENCIA_AGREGADA_NO_CONTACTAR
liliagm20,19,no,sin_contexto_declarado,no_declarada,AUDIENCIA_AGREGADA_NO_CONTACTAR
liliana.ponce.75,163,no,sin_contexto_declarado,no_declarada,AUDIENCIA_AGREGADA_NO_CONTACTAR
lilivay.saa,151,no,sin_contexto_declarado,no_declarada,AUDIENCIA_AGREGADA_NO_CONTACTAR
lilyg4094,0,no,sin_contexto_declarado,no_declarada,AUDIENCIA_AGREGADA_NO_CONTACTAR
limon__caro,72,sí,sin_contexto_declarado,no_declarada,AUDIENCIA_AGREGADA_NO_CONTACTAR
linahernandez649,10,no,sin_contexto_declarado,no_declarada,AUDIENCIA_AGREGADA_NO_CONTACTAR
linney_97,81,no,sin_contexto_declarado,no_declarada,AUDIENCIA_AGREGADA_NO_CONTACTAR
lissettedeleon37,119,no,sin_contexto_declarado,no_declarada,AUDIENCIA_AGREGADA_NO_CONTACTAR
luz14199,28,no,sin_contexto_declarado,no_declarada,AUDIENCIA_AGREGADA_NO_CONTACTAR
luzclaritamv,165,no,sin_contexto_declarado,no_declarada,AUDIENCIA_AGREGADA_NO_CONTACTAR
luzliliana04,90,no,sin_contexto_declarado,no_declarada,AUDIENCIA_AGREGADA_NO_CONTACTAR
luzmariacamilo9,19,no,sin_contexto_declarado,no_declarada,AUDIENCIA_AGREGADA_NO_CONTACTAR
luzroncallo,532,no,sin_contexto_declarado,no_declarada,AUDIENCIA_AGREGADA_NO_CONTACTAR
lulutoncho,151,no,sin_contexto_declarado,no_declarada,AUDIENCIA_AGREGADA_NO_CONTACTAR
lupitahernandez4918,25,no,sin_contexto_declarado,no_declarada,AUDIENCIA_AGREGADA_NO_CONTACTAR
lusecita30_,43,no,sin_contexto_declarado,no_declarada,AUDIENCIA_AGREGADA_NO_CONTACTAR
m.julietamaria,9,no,sin_contexto_declarado,no_declarada,AUDIENCIA_AGREGADA_NO_CONTACTAR
mmejiaangeles,82,no,sin_contexto_declarado,no_declarada,AUDIENCIA_AGREGADA_NO_CONTACTAR
molinaperezjudith,55,sí,sin_contexto_declarado,no_declarada,AUDIENCIA_AGREGADA_NO_CONTACTAR
monica.reyessumalave,147,no,sin_contexto_declarado,no_declarada,AUDIENCIA_AGREGADA_NO_CONTACTAR
monica79399,15,no,sin_contexto_declarado,no_declarada,AUDIENCIA_AGREGADA_NO_CONTACTAR
monicaadrianamayol,573,sí,sin_contexto_declarado,no_declarada,AUDIENCIA_AGREGADA_NO_CONTACTAR
monicasandrasantucho6,39,no,sin_contexto_declarado,no_declarada,AUDIENCIA_AGREGADA_NO_CONTACTAR
monicasanzflores,6,no,sin_contexto_declarado,no_declarada,AUDIENCIA_AGREGADA_NO_CONTACTAR
montsej34,379,no,sin_contexto_declarado,no_declarada,AUDIENCIA_AGREGADA_NO_CONTACTAR
monze.ramirez.31,110,no,sin_contexto_declarado,no_declarada,AUDIENCIA_AGREGADA_NO_CONTACTAR
moonaor,17,sí,sin_contexto_declarado,no_declarada,AUDIENCIA_AGREGADA_NO_CONTACTAR
mayideguglielmo,201,no,sin_contexto_declarado,no_declarada,AUDIENCIA_AGREGADA_NO_CONTACTAR
mayra.sanchez05,52,no,sin_contexto_declarado,no_declarada,AUDIENCIA_AGREGADA_NO_CONTACTAR
madretierrabotanicals,332,sí,sin_contexto_declarado,no_declarada,AUDIENCIA_AGREGADA_NO_CONTACTAR
madridblancaperez,14,no,sin_contexto_declarado,no_declarada,AUDIENCIA_AGREGADA_NO_CONTACTAR
maga_arleylopez,13,no,sin_contexto_declarado,no_declarada,AUDIENCIA_AGREGADA_NO_CONTACTAR
maggysmoda1,17,no,sin_contexto_declarado,no_declarada,AUDIENCIA_AGREGADA_NO_CONTACTAR
magmp31,594,sí,sin_contexto_declarado,no_declarada,AUDIENCIA_AGREGADA_NO_CONTACTAR
magnii_vision,7,no,sin_contexto_declarado,no_declarada,AUDIENCIA_AGREGADA_NO_CONTACTAR
magu.i8059,10,no,sin_contexto_declarado,no_declarada,AUDIENCIA_AGREGADA_NO_CONTACTAR
maluzlopez010,61,no,sin_contexto_declarado,no_declarada,AUDIENCIA_AGREGADA_NO_CONTACTAR
mamaalvarado_,72,no,sin_contexto_declarado,no_declarada,AUDIENCIA_AGREGADA_NO_CONTACTAR
mandy_val_5,235,no,sin_contexto_declarado,no_declarada,AUDIENCIA_AGREGADA_NO_CONTACTAR
manuela.lemus.54,205,no,sin_contexto_declarado,no_declarada,AUDIENCIA_AGREGADA_NO_CONTACTAR
mapeva.0815,3,no,sin_contexto_declarado,no_declarada,AUDIENCIA_AGREGADA_NO_CONTACTAR
marcejozami,63,no,sin_contexto_declarado,no_declarada,AUDIENCIA_AGREGADA_NO_CONTACTAR
marayo_flores,238,no,sin_contexto_declarado,no_declarada,AUDIENCIA_AGREGADA_NO_CONTACTAR
mari.carabantes,50,no,sin_contexto_declarado,no_declarada,AUDIENCIA_AGREGADA_NO_CONTACTAR
marinafeltito,227,no,sin_contexto_declarado,no_declarada,AUDIENCIA_AGREGADA_NO_CONTACTAR
marinlechuga,36,no,sin_contexto_declarado,no_declarada,AUDIENCIA_AGREGADA_NO_CONTACTAR
maria.sanchez.900388,189,no,sin_contexto_declarado,no_declarada,AUDIENCIA_AGREGADA_NO_CONTACTAR
mariavcita11,924,no,sin_contexto_declarado,no_declarada,AUDIENCIA_AGREGADA_NO_CONTACTAR
maria_sorangely_velasco,152,no,sin_contexto_declarado,no_declarada,AUDIENCIA_AGREGADA_NO_CONTACTAR
mariaanitadominguezarizmend,60,no,sin_contexto_declarado,no_declarada,AUDIENCIA_AGREGADA_NO_CONTACTAR
mariaantonietamunozarroyo,9,no,sin_contexto_declarado,no_declarada,AUDIENCIA_AGREGADA_NO_CONTACTAR
mariacristinaaguayo29,19,sí,sin_contexto_declarado,no_declarada,AUDIENCIA_AGREGADA_NO_CONTACTAR
mariacristinabenitezruiz,394,no,sin_contexto_declarado,no_declarada,AUDIENCIA_AGREGADA_NO_CONTACTAR
mariadelrosa93,97,no,sin_contexto_declarado,no_declarada,AUDIENCIA_AGREGADA_NO_CONTACTAR
mariaestelacb14,244,no,sin_contexto_declarado,no_declarada,AUDIENCIA_AGREGADA_NO_CONTACTAR
mariallendetoro,75,no,sin_contexto_declarado,no_declarada,AUDIENCIA_AGREGADA_NO_CONTACTAR
mariam_aby_chz,9,no,sin_contexto_declarado,no_declarada,AUDIENCIA_AGREGADA_NO_CONTACTAR
marianamorales8965,84,no,sin_contexto_declarado,no_declarada,AUDIENCIA_AGREGADA_NO_CONTACTAR
marilupemendoza,417,no,sin_contexto_declarado,no_declarada,AUDIENCIA_AGREGADA_NO_CONTACTAR
maripol46polancoauxiliadora,152,no,sin_contexto_declarado,no_declarada,AUDIENCIA_AGREGADA_NO_CONTACTAR
marisela.navarro.9237,47,no,sin_contexto_declarado,no_declarada,AUDIENCIA_AGREGADA_NO_CONTACTAR
mariselasegovia1,56,no,sin_contexto_declarado,no_declarada,AUDIENCIA_AGREGADA_NO_CONTACTAR
marisoldiazpicos,135,no,sin_contexto_declarado,no_declarada,AUDIENCIA_AGREGADA_NO_CONTACTAR
marmijarestorrez,25,no,sin_contexto_declarado,no_declarada,AUDIENCIA_AGREGADA_NO_CONTACTAR
marsabino_25,148,no,sin_contexto_declarado,no_declarada,AUDIENCIA_AGREGADA_NO_CONTACTAR
marquesita25,873,sí,sin_contexto_declarado,no_declarada,AUDIENCIA_AGREGADA_NO_CONTACTAR
martablanco228,29,no,sin_contexto_declarado,no_declarada,AUDIENCIA_AGREGADA_NO_CONTACTAR
marthac555,252,no,sin_contexto_declarado,no_declarada,AUDIENCIA_AGREGADA_NO_CONTACTAR
marthapechi,113,no,sin_contexto_declarado,no_declarada,AUDIENCIA_AGREGADA_NO_CONTACTAR
marubermudez,237,no,sin_contexto_declarado,no_declarada,AUDIENCIA_AGREGADA_NO_CONTACTAR
marulanda.fanny,55,no,sin_contexto_declarado,no_declarada,AUDIENCIA_AGREGADA_NO_CONTACTAR
mary.3971669,46,no,sin_contexto_declarado,no_declarada,AUDIENCIA_AGREGADA_NO_CONTACTAR
mary080120179,11,no,sin_contexto_declarado,no_declarada,AUDIENCIA_AGREGADA_NO_CONTACTAR
marychavezlc,96,no,sin_contexto_declarado,no_declarada,AUDIENCIA_AGREGADA_NO_CONTACTAR
marycruz.2205,28,no,sin_contexto_declarado,no_declarada,AUDIENCIA_AGREGADA_NO_CONTACTAR
maryd.diaz.9847,42,no,sin_contexto_declarado,no_declarada,AUDIENCIA_AGREGADA_NO_CONTACTAR
mexicanfood15,67,sí,sin_contexto_declarado,no_declarada,AUDIENCIA_AGREGADA_NO_CONTACTAR
mezamaluisa,46,no,sin_contexto_declarado,no_declarada,AUDIENCIA_AGREGADA_NO_CONTACTAR
meilen.marquina,122,no,sin_contexto_declarado,no_declarada,AUDIENCIA_AGREGADA_NO_CONTACTAR
melisacabello78,510,no,sin_contexto_declarado,no_declarada,AUDIENCIA_AGREGADA_NO_CONTACTAR
melissacapellanabreu,104,no,sin_contexto_declarado,no_declarada,AUDIENCIA_AGREGADA_NO_CONTACTAR
memorica_entornoalaceramica,1628,sí,arte_creatividad,no_declarada,AUDIENCIA_AGREGADA_NO_CONTACTAR
merceded_gomez,3,no,sin_contexto_declarado,no_declarada,AUDIENCIA_AGREGADA_NO_CONTACTAR
mercedes.f.nava,129,no,sin_contexto_declarado,no_declarada,AUDIENCIA_AGREGADA_NO_CONTACTAR
mi_mate2023,315,sí,arte_creatividad,no_declarada,AUDIENCIA_AGREGADA_NO_CONTACTAR
miass3825,15,no,sin_contexto_declarado,no_declarada,AUDIENCIA_AGREGADA_NO_CONTACTAR
milena.vaquerano,192,no,sin_contexto_declarado,no_declarada,AUDIENCIA_AGREGADA_NO_CONTACTAR
minaaguirre,55,no,sin_contexto_declarado,no_declarada,AUDIENCIA_AGREGADA_NO_CONTACTAR
minervaaquinooo,101,no,sin_contexto_declarado,no_declarada,AUDIENCIA_AGREGADA_NO_CONTACTAR
miriam.rivera.1212,58,no,sin_contexto_declarado,no_declarada,AUDIENCIA_AGREGADA_NO_CONTACTAR
miriam0681,83,no,sin_contexto_declarado,no_declarada,AUDIENCIA_AGREGADA_NO_CONTACTAR
miriamdiaz827,68,no,sin_contexto_declarado,no_declarada,AUDIENCIA_AGREGADA_NO_CONTACTAR
mirthayolandavaras,80,no,sin_contexto_declarado,no_declarada,AUDIENCIA_AGREGADA_NO_CONTACTAR
miryan6379,16,no,sin_contexto_declarado,no_declarada,AUDIENCIA_AGREGADA_NO_CONTACTAR
mpily.am,15,no,sin_contexto_declarado,no_declarada,AUDIENCIA_AGREGADA_NO_CONTACTAR
munozirma526,12,sí,sin_contexto_declarado,no_declarada,AUDIENCIA_AGREGADA_NO_CONTACTAR
murillo_rufina,7,no,sin_contexto_declarado,no_declarada,AUDIENCIA_AGREGADA_NO_CONTACTAR
my.ri2010,60,no,sin_contexto_declarado,no_declarada,AUDIENCIA_AGREGADA_NO_CONTACTAR
myri_laz70,187,no,sin_contexto_declarado,no_declarada,AUDIENCIA_AGREGADA_NO_CONTACTAR
myriammayen,153,no,sin_contexto_declarado,no_declarada,AUDIENCIA_AGREGADA_NO_CONTACTAR
n.bellanides,177,no,sin_contexto_declarado,no_declarada,AUDIENCIA_AGREGADA_NO_CONTACTAR
noemivelascovaldes,26,no,sin_contexto_declarado,no_declarada,AUDIENCIA_AGREGADA_NO_CONTACTAR
normaaliciagonzalezh,32,no,sin_contexto_declarado,no_declarada,AUDIENCIA_AGREGADA_NO_CONTACTAR
normaele66,102,no,sin_contexto_declarado,no_declarada,AUDIENCIA_AGREGADA_NO_CONTACTAR
normafranco.r,94,no,sin_contexto_declarado,no_declarada,AUDIENCIA_AGREGADA_NO_CONTACTAR
normsmijares,56,no,sin_contexto_declarado,no_declarada,AUDIENCIA_AGREGADA_NO_CONTACTAR
nosle.delgado,25,no,sin_contexto_declarado,no_declarada,AUDIENCIA_AGREGADA_NO_CONTACTAR
nachu_miranda2,349,sí,sin_contexto_declarado,no_declarada,AUDIENCIA_AGREGADA_NO_CONTACTAR
nairelysymis5,76,no,sin_contexto_declarado,no_declarada,AUDIENCIA_AGREGADA_NO_CONTACTAR
nany.2205,102,no,sin_contexto_declarado,no_declarada,AUDIENCIA_AGREGADA_NO_CONTACTAR
nenavargascano,205,no,sin_contexto_declarado,no_declarada,AUDIENCIA_AGREGADA_NO_CONTACTAR
nitsumontiel,75,no,sin_contexto_declarado,no_declarada,AUDIENCIA_AGREGADA_NO_CONTACTAR
niurkhale,97,no,sin_contexto_declarado,no_declarada,AUDIENCIA_AGREGADA_NO_CONTACTAR
niacarolina2021,1695,sí,sin_contexto_declarado,no_declarada,AUDIENCIA_AGREGADA_NO_CONTACTAR
nievitasmoralesgarcia,296,no,sin_contexto_declarado,no_declarada,AUDIENCIA_AGREGADA_NO_CONTACTAR
nillymilena,110,no,sin_contexto_declarado,no_declarada,AUDIENCIA_AGREGADA_NO_CONTACTAR
ninfa.colin,83,no,sin_contexto_declarado,no_declarada,AUDIENCIA_AGREGADA_NO_CONTACTAR
ninotchkasantamaria,179,no,sin_contexto_declarado,no_declarada,AUDIENCIA_AGREGADA_NO_CONTACTAR
nuncigs,11,no,sin_contexto_declarado,no_declarada,AUDIENCIA_AGREGADA_NO_CONTACTAR
soy_mcc,177,no,sin_contexto_declarado,no_declarada,AUDIENCIA_AGREGADA_NO_CONTACTAR
sol_aguilar85,39,no,sin_contexto_declarado,no_declarada,AUDIENCIA_AGREGADA_NO_CONTACTAR
solecitocans,148,sí,belleza_estetica,no_declarada,AUDIENCIA_AGREGADA_NO_CONTACTAR
solymarxl1,262,no,sin_contexto_declarado,no_declarada,AUDIENCIA_AGREGADA_NO_CONTACTAR
somoscoloranza,67,no,sin_contexto_declarado,no_declarada,AUDIENCIA_AGREGADA_NO_CONTACTAR
sony409sony,17,no,sin_contexto_declarado,no_declarada,AUDIENCIA_AGREGADA_NO_CONTACTAR
sandravisaiz,6,no,sin_contexto_declarado,no_declarada,AUDIENCIA_AGREGADA_NO_CONTACTAR
se_rena5219,9,no,sin_contexto_declarado,no_declarada,AUDIENCIA_AGREGADA_NO_CONTACTAR
selimturcul,87,no,sin_contexto_declarado,no_declarada,AUDIENCIA_AGREGADA_NO_CONTACTAR
shachatorres,70,no,sin_contexto_declarado,no_declarada,AUDIENCIA_AGREGADA_NO_CONTACTAR
sheilymariacoraldiaz,152,no,sin_contexto_declarado,no_declarada,AUDIENCIA_AGREGADA_NO_CONTACTAR
shiloh_nails.belleza,138,no,sin_contexto_declarado,no_declarada,AUDIENCIA_AGREGADA_NO_CONTACTAR
siul.marcanogentile,1374,no,sin_contexto_declarado,no_declarada,AUDIENCIA_AGREGADA_NO_CONTACTAR
silmarcarranza,197,no,sin_contexto_declarado,no_declarada,AUDIENCIA_AGREGADA_NO_CONTACTAR
silvanorma0921,84,no,sin_contexto_declarado,no_declarada,AUDIENCIA_AGREGADA_NO_CONTACTAR
silvia1982moreno09,46,no,sin_contexto_declarado,no_declarada,AUDIENCIA_AGREGADA_NO_CONTACTAR
simancasol,134,no,sin_contexto_declarado,no_declarada,AUDIENCIA_AGREGADA_NO_CONTACTAR
simrry_del_castillo_,38,no,sin_contexto_declarado,no_declarada,AUDIENCIA_AGREGADA_NO_CONTACTAR
sirleytalaga,82,no,sin_contexto_declarado,no_declarada,AUDIENCIA_AGREGADA_NO_CONTACTAR
suly_alfonso,74,no,sin_contexto_declarado,no_declarada,AUDIENCIA_AGREGADA_NO_CONTACTAR
supifab,96,sí,sin_contexto_declarado,no_declarada,AUDIENCIA_AGREGADA_NO_CONTACTAR
surito00,168,no,sin_contexto_declarado,no_declarada,AUDIENCIA_AGREGADA_NO_CONTACTAR
susanajhon,165,no,sin_contexto_declarado,no_declarada,AUDIENCIA_AGREGADA_NO_CONTACTAR
susi_sanch3z,709,no,sin_contexto_declarado,no_declarada,AUDIENCIA_AGREGADA_NO_CONTACTAR
porras.araceli,131,no,sin_contexto_declarado,no_declarada,AUDIENCIA_AGREGADA_NO_CONTACTAR
patricianajera17,1,no,sin_contexto_declarado,no_declarada,AUDIENCIA_AGREGADA_NO_CONTACTAR
patty_ibarra123,90,no,sin_contexto_declarado,no_declarada,AUDIENCIA_AGREGADA_NO_CONTACTAR
pattygomez1094,27,no,sin_contexto_declarado,no_declarada,AUDIENCIA_AGREGADA_NO_CONTACTAR
paty_lopez114,24,no,sin_contexto_declarado,no_declarada,AUDIENCIA_AGREGADA_NO_CONTACTAR
panther.99956,5,no,sin_contexto_declarado,no_declarada,AUDIENCIA_AGREGADA_NO_CONTACTAR
paojumero80,24,no,sin_contexto_declarado,no_declarada,AUDIENCIA_AGREGADA_NO_CONTACTAR
pblove_,575,sí,sin_contexto_declarado,no_declarada,AUDIENCIA_AGREGADA_NO_CONTACTAR
pera2919,13,no,sin_contexto_declarado,no_declarada,AUDIENCIA_AGREGADA_NO_CONTACTAR
peregrinocv,82,no,sin_contexto_declarado,no_declarada,AUDIENCIA_AGREGADA_NO_CONTACTAR
piedad0907,396,sí,sin_contexto_declarado,no_declarada,AUDIENCIA_AGREGADA_NO_CONTACTAR
pilarica0320,22,no,sin_contexto_declarado,no_declarada,AUDIENCIA_AGREGADA_NO_CONTACTAR
pina_malu,0,no,sin_contexto_declarado,no_declarada,AUDIENCIA_AGREGADA_NO_CONTACTAR
pinkcoco13,47,no,sin_contexto_declarado,no_declarada,AUDIENCIA_AGREGADA_NO_CONTACTAR
psusangomez,51,no,sin_contexto_declarado,no_declarada,AUDIENCIA_AGREGADA_NO_CONTACTAR
puraramos28,179,no,sin_contexto_declarado,no_declarada,AUDIENCIA_AGREGADA_NO_CONTACTAR
qandreacalderon,2,no,sin_contexto_declarado,no_declarada,AUDIENCIA_AGREGADA_NO_CONTACTAR
quaserneger,11,no,sin_contexto_declarado,no_declarada,AUDIENCIA_AGREGADA_NO_CONTACTAR
quexhuladas,10,no,sin_contexto_declarado,no_declarada,AUDIENCIA_AGREGADA_NO_CONTACTAR
r.loliz,14,no,sin_contexto_declarado,no_declarada,AUDIENCIA_AGREGADA_NO_CONTACTAR
rmatrimoniales,18,sí,sin_contexto_declarado,no_declarada,AUDIENCIA_AGREGADA_NO_CONTACTAR
rousg745,67,sí,sin_contexto_declarado,no_declarada,AUDIENCIA_AGREGADA_NO_CONTACTAR
rousslopez0968,106,sí,sin_contexto_declarado,no_declarada,AUDIENCIA_AGREGADA_NO_CONTACTAR
rob_zecena,276,sí,sin_contexto_declarado,no_declarada,AUDIENCIA_AGREGADA_NO_CONTACTAR
rociocardenasdel,72,no,sin_contexto_declarado,no_declarada,AUDIENCIA_AGREGADA_NO_CONTACTAR
rocioevaa,1,no,sin_contexto_declarado,no_declarada,AUDIENCIA_AGREGADA_NO_CONTACTAR
rocioorozco196,62,no,sin_contexto_declarado,no_declarada,AUDIENCIA_AGREGADA_NO_CONTACTAR
rocioquezadajauregui,110,sí,sin_contexto_declarado,no_declarada,AUDIENCIA_AGREGADA_NO_CONTACTAR
rococatalina24,20,no,sin_contexto_declarado,no_declarada,AUDIENCIA_AGREGADA_NO_CONTACTAR
rogermck,1145,sí,emprendimiento_negocio,no_declarada,AUDIENCIA_AGREGADA_NO_CONTACTAR
romoluzmercedes,94,no,sin_contexto_declarado,no_declarada,AUDIENCIA_AGREGADA_NO_CONTACTAR
romys_flowers,124,no,sin_contexto_declarado,no_declarada,AUDIENCIA_AGREGADA_NO_CONTACTAR
rosamariamartinezelizalde,23,no,sin_contexto_declarado,no_declarada,AUDIENCIA_AGREGADA_NO_CONTACTAR
rosamariasalcedoescobar,64,no,sin_contexto_declarado,no_declarada,AUDIENCIA_AGREGADA_NO_CONTACTAR
rosaameliafeliz,83,no,sin_contexto_declarado,no_declarada,AUDIENCIA_AGREGADA_NO_CONTACTAR
rosalva.martinez.3114,401,sí,sin_contexto_declarado,México,AUDIENCIA_AGREGADA_NO_CONTACTAR
rosaliamorapopoca,33,no,sin_contexto_declarado,no_declarada,AUDIENCIA_AGREGADA_NO_CONTACTAR
rosaportillo879,88,sí,sin_contexto_declarado,no_declarada,AUDIENCIA_AGREGADA_NO_CONTACTAR
rosario_molina_a,30,no,sin_contexto_declarado,no_declarada,AUDIENCIA_AGREGADA_NO_CONTACTAR
roshypets,67,sí,emprendimiento_negocio,no_declarada,AUDIENCIA_AGREGADA_NO_CONTACTAR
rosysanchezv,108,no,sin_contexto_declarado,no_declarada,AUDIENCIA_AGREGADA_NO_CONTACTAR
raquelaguilar4755,63,no,sin_contexto_declarado,no_declarada,AUDIENCIA_AGREGADA_NO_CONTACTAR
raquuel78,538,no,sin_contexto_declarado,no_declarada,AUDIENCIA_AGREGADA_NO_CONTACTAR
rebecayalico,9,no,sin_contexto_declarado,no_declarada,AUDIENCIA_AGREGADA_NO_CONTACTAR
riosanitaestrada,176,no,sin_contexto_declarado,no_declarada,AUDIENCIA_AGREGADA_NO_CONTACTAR
risaidee5,311,sí,sin_contexto_declarado,no_declarada,AUDIENCIA_AGREGADA_NO_CONTACTAR
ruthnoemigomezdesa,242,no,sin_contexto_declarado,no_declarada,AUDIENCIA_AGREGADA_NO_CONTACTAR
ruthbeasart,848,sí,arte_creatividad,México,AUDIENCIA_AGREGADA_NO_CONTACTAR
rubio.faviola,54,no,sin_contexto_declarado,no_declarada,AUDIENCIA_AGREGADA_NO_CONTACTAR
rubilarpaola299,110,sí,sin_contexto_declarado,no_declarada,AUDIENCIA_AGREGADA_NO_CONTACTAR
torrespradomaria,89,no,sin_contexto_declarado,no_declarada,AUDIENCIA_AGREGADA_NO_CONTACTAR
taydeemiliarodriguez,261,no,sin_contexto_declarado,no_declarada,AUDIENCIA_AGREGADA_NO_CONTACTAR
techdcweb,386,sí,arte_creatividad,no_declarada,AUDIENCIA_AGREGADA_NO_CONTACTAR
tere_rico_cid,734,no,sin_contexto_declarado,no_declarada,AUDIENCIA_AGREGADA_NO_CONTACTAR
teresa__ledesma,97,no,sin_contexto_declarado,no_declarada,AUDIENCIA_AGREGADA_NO_CONTACTAR
teresita.ibanez.3958,1,no,sin_contexto_declarado,no_declarada,AUDIENCIA_AGREGADA_NO_CONTACTAR
tereza945,76,no,sin_contexto_declarado,no_declarada,AUDIENCIA_AGREGADA_NO_CONTACTAR
tessie_cal,978,sí,sin_contexto_declarado,no_declarada,AUDIENCIA_AGREGADA_NO_CONTACTAR
tia_titi_lety_laz,208,no,sin_contexto_declarado,no_declarada,AUDIENCIA_AGREGADA_NO_CONTACTAR
trovamoonisa,13,no,sin_contexto_declarado,no_declarada,AUDIENCIA_AGREGADA_NO_CONTACTAR
unas.cecy,239,sí,sin_contexto_declarado,no_declarada,AUDIENCIA_AGREGADA_NO_CONTACTAR
ursulareyes5,253,no,sin_contexto_declarado,no_declarada,AUDIENCIA_AGREGADA_NO_CONTACTAR
valenzuelacareli,56,no,sin_contexto_declarado,no_declarada,AUDIENCIA_AGREGADA_NO_CONTACTAR
ve.ronica496,48,no,sin_contexto_declarado,no_declarada,AUDIENCIA_AGREGADA_NO_CONTACTAR
vekacerino,9,no,sin_contexto_declarado,no_declarada,AUDIENCIA_AGREGADA_NO_CONTACTAR
veloz.mayela,145,no,sin_contexto_declarado,no_declarada,AUDIENCIA_AGREGADA_NO_CONTACTAR
velvet_watchband3,835,sí,sin_contexto_declarado,no_declarada,AUDIENCIA_AGREGADA_NO_CONTACTAR
veronicapulgar10,48,no,sin_contexto_declarado,no_declarada,AUDIENCIA_AGREGADA_NO_CONTACTAR
veroduca05,55,sí,sin_contexto_declarado,México,AUDIENCIA_AGREGADA_NO_CONTACTAR
vic_tory0611,11,no,sin_contexto_declarado,no_declarada,AUDIENCIA_AGREGADA_NO_CONTACTAR
vickybudar,271,no,sin_contexto_declarado,no_declarada,AUDIENCIA_AGREGADA_NO_CONTACTAR
victorrafaelarguelles,428,no,sin_contexto_declarado,no_declarada,AUDIENCIA_AGREGADA_NO_CONTACTAR
ximenesorquidea,11,no,sin_contexto_declarado,no_declarada,AUDIENCIA_AGREGADA_NO_CONTACTAR
xiniamariaarroyo,30,no,sin_contexto_declarado,no_declarada,AUDIENCIA_AGREGADA_NO_CONTACTAR
xiomarajborges,107,no,sin_contexto_declarado,no_declarada,AUDIENCIA_AGREGADA_NO_CONTACTAR
xismeirah,55,no,sin_contexto_declarado,no_declarada,AUDIENCIA_AGREGADA_NO_CONTACTAR
xlita11,285,sí,sin_contexto_declarado,no_declarada,AUDIENCIA_AGREGADA_NO_CONTACTAR
ymaraj,446,no,sin_contexto_declarado,no_declarada,AUDIENCIA_AGREGADA_NO_CONTACTAR
youcanvasfor,23,sí,emprendimiento_negocio,no_declarada,AUDIENCIA_AGREGADA_NO_CONTACTAR
yolanda_afaneh,612,sí,sin_contexto_declarado,no_declarada,AUDIENCIA_AGREGADA_NO_CONTACTAR
yolandasantos430,5,no,sin_contexto_declarado,no_declarada,AUDIENCIA_AGREGADA_NO_CONTACTAR
yolandatorrestarin,38,no,sin_contexto_declarado,no_declarada,AUDIENCIA_AGREGADA_NO_CONTACTAR
yosel_moro,207,no,sin_contexto_declarado,no_declarada,AUDIENCIA_AGREGADA_NO_CONTACTAR
yoselini_25,759,no,sin_contexto_declarado,no_declarada,AUDIENCIA_AGREGADA_NO_CONTACTAR
yamil56378,42,no,sin_contexto_declarado,no_declarada,AUDIENCIA_AGREGADA_NO_CONTACTAR
yamy41056,20,no,sin_contexto_declarado,no_declarada,AUDIENCIA_AGREGADA_NO_CONTACTAR
yancytello,6,no,sin_contexto_declarado,no_declarada,AUDIENCIA_AGREGADA_NO_CONTACTAR
yanellysofiamakeup,201,sí,sin_contexto_declarado,México,AUDIENCIA_AGREGADA_NO_CONTACTAR
yanet.hfranco,59,no,sin_contexto_declarado,no_declarada,AUDIENCIA_AGREGADA_NO_CONTACTAR
yanetsilva969,28,no,sin_contexto_declarado,no_declarada,AUDIENCIA_AGREGADA_NO_CONTACTAR
yeni.guerrero.754,82,no,sin_contexto_declarado,no_declarada,AUDIENCIA_AGREGADA_NO_CONTACTAR
yenn.so_tattoo,1461,sí,sin_contexto_declarado,no_declarada,AUDIENCIA_AGREGADA_NO_CONTACTAR
yennyaguilaraguilar,65,no,sin_contexto_declarado,no_declarada,AUDIENCIA_AGREGADA_NO_CONTACTAR
yesicaalicia,258,no,sin_contexto_declarado,no_declarada,AUDIENCIA_AGREGADA_NO_CONTACTAR
ylopez222,63,no,sin_contexto_declarado,no_declarada,AUDIENCIA_AGREGADA_NO_CONTACTAR
yrania_rojas,3766,sí,sin_contexto_declarado,no_declarada,AUDIENCIA_AGREGADA_NO_CONTACTAR
ysik2810,637,sí,sin_contexto_declarado,México,AUDIENCIA_AGREGADA_NO_CONTACTAR
yudelkis_nunez_alvarez,438,sí,sin_contexto_declarado,no_declarada,AUDIENCIA_AGREGADA_NO_CONTACTAR
yunnis_mendez,319,no,sin_contexto_declarado,no_declarada,AUDIENCIA_AGREGADA_NO_CONTACTAR
zamoraalicia887,258,no,sin_contexto_declarado,no_declarada,AUDIENCIA_AGREGADA_NO_CONTACTAR
zara_rosas.m,65,no,sin_contexto_declarado,no_declarada,AUDIENCIA_AGREGADA_NO_CONTACTAR
ziquemz,631,sí,sin_contexto_declarado,no_declarada,AUDIENCIA_AGREGADA_NO_CONTACTAR
zuhs__,298,sí,sin_contexto_declarado,no_declarada,AUDIENCIA_AGREGADA_NO_CONTACTAR
zulyvr13,50,no,sin_contexto_declarado,no_declarada,AUDIENCIA_AGREGADA_NO_CONTACTAR
