lead_id,nombre_o_alias,fuente,fecha_ultima_interaccion,canal_autorizado,consentimiento_vigente,evidencia_consentimiento,objetivo_declarado,momento,idioma,pais_zona_horaria,modalidad_compatible,disponibilidad,datos_faltantes,no_contactar,revision_humana,consentimiento_25,intencion_25,ajuste_20,momento_15,operacion_10,datos_5,total_100,ruta,mensaje_aprobado,estado,notas
F-001,,,,,,,,,,,,,,,,,,,,,,,,,,
F-002,,,,,,,,,,,,,,,,,,,,,,,,,,
F-003,,,,,,,,,,,,,,,,,,,,,,,,,,
F-004,,,,,,,,,,,,,,,,,,,,,,,,,,
F-005,,,,,,,,,,,,,,,,,,,,,,,,,,
F-006,,,,,,,,,,,,,,,,,,,,,,,,,,
F-007,,,,,,,,,,,,,,,,,,,,,,,,,,
F-008,,,,,,,,,,,,,,,,,,,,,,,,,,
F-009,,,,,,,,,,,,,,,,,,,,,,,,,,
F-010,,,,,,,,,,,,,,,,,,,,,,,,,,
F-011,,,,,,,,,,,,,,,,,,,,,,,,,,
F-012,,,,,,,,,,,,,,,,,,,,,,,,,,
F-013,,,,,,,,,,,,,,,,,,,,,,,,,,
F-014,,,,,,,,,,,,,,,,,,,,,,,,,,
F-015,,,,,,,,,,,,,,,,,,,,,,,,,,
F-016,,,,,,,,,,,,,,,,,,,,,,,,,,
F-017,,,,,,,,,,,,,,,,,,,,,,,,,,
F-018,,,,,,,,,,,,,,,,,,,,,,,,,,
F-019,,,,,,,,,,,,,,,,,,,,,,,,,,
F-020,,,,,,,,,,,,,,,,,,,,,,,,,,
F-021,,,,,,,,,,,,,,,,,,,,,,,,,,
F-022,,,,,,,,,,,,,,,,,,,,,,,,,,
F-023,,,,,,,,,,,,,,,,,,,,,,,,,,
F-024,,,,,,,,,,,,,,,,,,,,,,,,,,
F-025,,,,,,,,,,,,,,,,,,,,,,,,,,
F-026,,,,,,,,,,,,,,,,,,,,,,,,,,
F-027,,,,,,,,,,,,,,,,,,,,,,,,,,
F-028,,,,,,,,,,,,,,,,,,,,,,,,,,
F-029,,,,,,,,,,,,,,,,,,,,,,,,,,
F-030,,,,,,,,,,,,,,,,,,,,,,,,,,
